MRPS14,OXA1L,CYCS,NDUFB5,EIF3I,RPL19,MRPS23,NDUFV1,RPS25,MRPS7
4.744366,5.156035,6.336148,5.705043,8.482974,10.404618,4.479919,7.423373,9.829755,6.063552
4.440099,5.713372,6.814192,4.856341,9.140775,9.889499,4.621951,6.400562,9.457004,6.135272
5.898187,6.894721,6.887755,6.046448,9.386007,11.755673,5.111484,7.403769,12.023377,5.811349
4.271744,5.814565,6.152324,4.853274,9.103379,10.310356,3.768372,6.140718,9.554777,5.222124
4.501939,6.478352,7.603715,5.434714,8.820375,10.307896,4.537758,6.988836,8.884065,5.911183
4.304678,6.208265,6.444616,4.834079,8.876209,10.190477,4.141115,6.27668,9.473778,5.675309
4.307512,5.290232,6.788367,5.155379,8.096767,10.312529,4.191642,6.833611,9.6037,5.295813
4.222617,6.485834,7.180471,4.893492,8.984401,10.677503,4.44155,7.369659,8.749278,6.109599
4.222443,6.29835,6.844109,5.767229,8.375098,10.381573,4.031153,6.714019,9.806732,5.524657
4.895039,6.650596,7.128426,5.574359,9.254559,10.582369,4.635826,6.901117,9.107291,5.89632
4.723428,4.904555,6.988286,5.518854,9.473558,11.194117,4.858497,7.772038,9.602756,6.619918
5.73639,6.449253,6.986016,5.735913,8.953117,10.503793,4.668516,6.447868,9.796369,5.802004
4.29759,6.063368,6.912009,5.900132,8.830332,10.208113,4.529779,6.452038,8.608504,6.152981
4.439024,5.624581,6.541491,5.382684,8.349042,9.670131,4.351758,6.263919,8.457171,5.616613
4.500183,6.337627,6.440089,5.429189,9.355808,10.62658,5.126218,7.082158,8.758444,6.476342
4.499021,6.103119,6.93922,5.380952,8.609061,10.491217,4.71131,6.55615,9.157905,6.556996
4.932725,6.418472,6.505739,5.501786,9.012022,11.07314,4.934694,7.17019,10.06118,6.34142
5.286097,5.902153,6.716926,6.061436,8.216183,9.813373,4.24014,7.009448,9.152552,6.009605
3.827288,5.377918,6.00127,4.452104,9.008212,9.592379,4.063843,6.5993,8.848841,5.493047
5.133205,6.688901,6.705174,5.651449,9.751111,10.728075,5.422543,6.998712,10.326869,6.610178
4.903178,6.268962,7.027856,6.013697,8.587928,10.33148,5.324871,5.818169,8.672718,6.333118
4.437766,6.149713,6.864622,4.963481,8.208457,9.775786,4.090178,6.297736,8.8913,5.741271
4.931804,5.970523,6.389917,5.706321,9.18257,10.1472,4.197742,7.129056,8.694121,6.077219
4.609958,6.175206,6.340765,4.867588,8.802429,10.344648,4.153868,6.531529,8.991709,5.659086
5.207755,6.698441,7.229337,5.143137,9.293133,11.669134,5.33608,7.093719,11.008193,6.268549
4.354809,6.236592,7.130324,5.094929,8.791611,9.670116,4.433059,6.460287,8.781248,5.905111
4.493222,5.597288,6.281709,5.09366,8.430061,9.807427,4.454959,6.311093,9.242919,5.838277
4.312097,6.107054,5.561989,5.175671,8.619696,10.228876,4.123311,6.45412,9.425708,5.900135
4.526782,7.105945,7.28939,5.749079,8.680517,11.315443,4.729597,7.298879,10.089354,6.001006
4.769423,6.729899,7.100103,5.613601,9.045647,9.80291,4.261734,6.704746,9.081666,5.600718
4.30825,6.608251,6.424841,5.437036,8.620184,10.35396,3.999231,6.59257,9.589519,5.610127
4.636777,6.163308,5.754806,5.284428,9.169281,10.561837,3.931524,7.059143,10.507507,5.448413
4.055523,5.408536,6.295064,4.877584,8.30937,10.299944,3.764387,5.887096,10.018401,5.230108
4.294409,5.91261,6.523637,5.494069,8.43303,9.942419,4.220808,6.346068,9.015323,5.704087
4.054046,6.775708,8.295342,5.270656,8.363376,10.001677,4.413041,7.058541,8.567341,5.773677
4.213924,6.029085,6.637958,4.983268,8.792039,10.111257,3.946056,6.745105,9.281345,5.680222
4.482155,5.646159,6.659466,4.270525,8.920169,9.669833,4.355708,6.399983,8.275624,6.023484
5.073147,6.839673,7.193079,6.720235,9.19805,10.682903,4.802288,7.448939,9.027306,6.398304
4.83429,6.478667,7.155779,6.428771,9.081328,10.268791,4.788414,6.865379,8.894682,6.518786
4.243916,6.247794,7.037912,4.920879,8.791638,10.377313,4.474734,7.07346,8.982287,5.633566
4.314085,6.27932,6.593568,5.355286,8.754702,10.446294,4.66323,6.798862,9.787198,5.975334
4.519953,5.186954,6.917078,5.348027,9.068427,10.182953,4.946279,6.934535,8.371388,6.01123
4.756415,6.231,6.212758,5.195629,8.740933,9.945027,4.542899,6.675828,8.99722,5.784845
4.286509,5.84504,6.353123,5.269546,7.761205,9.80398,4.010102,6.01789,8.781068,5.4619
4.835473,6.084901,7.669583,6.019147,8.371883,9.786798,4.85356,6.004015,9.646762,5.68185
4.766268,7.103274,6.739682,5.752804,9.136578,10.598283,4.925251,7.224052,10.450142,6.24445
4.474254,5.545207,5.772652,5.20241,8.268969,10.089973,3.899891,6.772478,9.406525,5.51013
4.334718,6.080997,6.303733,5.307693,9.612119,10.536818,4.805816,6.932674,8.955156,6.397477
4.581543,5.983345,6.525912,5.837026,8.647527,9.819836,4.289758,7.092031,8.795186,5.655879
4.473913,5.087459,6.97359,5.132968,8.330289,9.53902,4.237265,6.544479,9.416213,5.523459
4.506159,5.905585,6.268031,5.522481,8.900337,10.189051,4.45219,6.861895,9.350855,5.698724
4.253834,6.600722,6.527511,5.4045,8.556805,9.877525,4.558183,7.094496,8.744116,6.364567
4.215998,6.140217,7.824967,5.653379,8.954422,10.64015,4.688866,8.862674,9.156364,6.208036
5.421953,6.564193,6.882993,5.576814,9.11757,11.456553,5.159645,6.6745,10.798098,6.316576
4.247693,5.986355,6.850946,5.580299,8.905853,10.078166,4.410742,7.235006,9.329852,5.960439
3.963028,5.254626,5.906248,4.500208,8.636774,10.236267,3.792928,7.49387,8.063955,5.296405
4.32801,5.47773,7.679046,5.473247,8.450622,10.325446,4.771865,6.004458,9.713877,6.394475
3.426347,4.882822,6.208486,3.777553,8.056116,9.72617,2.822254,5.360594,8.900555,4.667436
3.808605,5.254402,6.273526,4.722123,8.417521,9.965069,3.86898,6.814036,8.7405,5.120641
4.526751,6.564302,6.976355,6.02789,8.795632,10.799755,4.689318,8.16074,9.401046,6.215957
4.281989,6.499926,6.430114,5.119651,8.861389,10.179067,4.784604,8.208381,8.479467,5.520351
4.121072,6.324849,6.585661,5.55381,8.825639,10.194683,4.607699,6.800938,9.295892,6.794683
5.720903,6.663696,7.109894,5.099791,9.036099,10.709336,5.197698,6.810913,9.371487,6.638793
4.091107,5.576024,6.601293,4.554227,8.507707,10.107646,4.280459,6.014522,9.094631,5.530367
4.484579,6.812871,7.429916,4.674563,9.237217,10.928157,4.496826,6.886241,10.513144,6.022752
5.20534,7.675186,7.890068,7.582868,8.875938,10.397393,4.932404,8.665941,8.884846,7.099929
5.208863,5.716549,5.775897,5.675032,8.262225,10.299583,4.805642,6.967081,8.746046,5.813218
4.411737,6.016179,7.358472,5.707804,8.829534,10.253227,5.055018,6.899972,9.050471,6.522977
4.742992,6.391706,7.072061,5.52189,9.193755,10.408145,5.138143,8.33382,8.709665,6.119551
4.259569,6.081803,5.98361,4.624972,8.350886,9.721045,4.037907,6.43141,9.216765,5.276252
3.993974,5.75468,6.282216,5.441934,8.439132,10.426062,3.981589,6.285439,9.03962,5.917055
5.061029,6.444326,7.210631,5.651092,8.754672,10.770409,4.486213,6.935294,9.722723,6.143625
4.262815,4.933194,6.478741,4.803102,8.278556,9.828496,4.176736,6.480117,8.581888,5.741939
4.266782,5.406836,6.523041,4.688208,8.056204,9.784795,3.977732,6.575914,8.719886,5.372922
4.535052,6.269671,7.96866,6.094747,8.823542,10.459728,4.473312,7.682854,8.847026,6.031648
4.345943,5.393767,6.728828,5.328941,8.716745,9.836035,4.698352,6.235043,8.949017,6.162494
4.337036,5.707955,6.100557,5.40318,7.881762,9.522139,3.629383,6.22769,7.818692,5.026639
3.854746,5.858943,7.452902,4.543399,8.754919,10.331609,4.291604,6.584342,9.858854,5.697887
4.70769,5.723399,6.308471,5.170129,8.663513,10.43989,4.518843,6.997947,9.846363,5.737703
4.730624,6.32928,6.882373,5.649226,8.655784,10.412453,4.529999,7.049157,9.799218,5.718375
4.223475,5.799163,6.593164,4.737545,8.89669,10.52148,4.145092,6.461664,9.639625,5.722671
4.491339,6.473489,7.038939,5.160701,8.935959,10.384874,4.016085,7.096805,9.13068,6.130423
4.763588,5.644449,7.423286,5.565363,7.989457,10.477539,4.868434,6.543113,9.767755,6.157607
3.984111,5.925797,6.776551,5.340155,8.679826,10.468194,4.977348,6.921386,8.475686,6.419528
4.19651,6.539182,7.696469,5.89566,9.445664,10.756718,4.965199,6.158527,8.819605,6.048349
3.564017,5.360304,5.98711,4.83936,8.617616,9.87525,3.436663,5.719672,8.80898,5.021889
3.994857,5.349434,6.485126,5.1631,8.39261,9.653692,4.744157,5.840166,8.893154,6.074273
4.713139,5.77932,6.686149,4.912823,8.924599,9.891254,4.44582,6.619505,9.231847,5.757363
4.853281,5.675067,6.171302,4.786116,8.70776,10.203527,4.427106,5.844956,8.620859,5.912488
5.096558,6.251924,7.018646,5.921901,8.098055,10.335242,4.320285,6.623395,9.665032,6.094703
3.991909,5.530343,5.845744,4.407659,8.366423,9.694988,3.359374,5.866718,8.898029,5.116023
4.359506,5.815702,6.438262,4.597222,8.393559,10.24176,4.271593,6.541687,9.521255,5.728949
3.08554,5.113271,6.626408,3.821755,8.580316,10.717019,3.503807,5.21969,9.422419,5.135086
4.368465,5.84468,6.880495,5.50809,8.70488,9.698191,4.424498,6.804274,8.280287,5.948875
3.783297,5.194704,6.116308,4.741547,8.091093,9.333476,3.256503,5.732432,8.758038,4.812338
4.75045,5.648635,7.666256,4.955698,8.423189,10.17726,4.452914,6.459175,9.470864,6.082125
5.365706,7.228331,7.49352,5.91891,9.342055,10.837472,4.973258,8.128221,10.100392,5.890951
4.572293,6.237102,5.838005,5.133348,8.318208,11.100516,4.372942,7.303331,10.169946,5.854035
4.811173,6.506606,5.965403,5.313029,8.940815,10.148669,4.668173,6.994659,8.960662,6.36258
4.868978,6.460577,7.323377,5.923777,8.190944,10.454298,4.767829,7.832025,8.766231,6.018823
4.53773,6.597546,7.311192,4.990739,9.691285,10.959602,5.206345,7.248381,9.311007,6.26537
3.982383,5.648457,5.797347,4.366327,8.153597,9.858198,3.678282,5.678335,8.799851,5.428505
4.828231,5.830792,6.473283,5.478044,8.505912,10.383687,4.849673,7.477112,8.824912,6.159767
4.848886,5.915158,7.167177,5.150065,8.973869,10.739191,4.890709,6.959332,10.014649,6.119336
4.162003,6.173343,6.719535,4.900542,8.932929,10.47938,4.498921,7.247091,9.805074,6.040568
4.586062,6.086524,6.452352,4.890195,8.53822,10.071175,4.408934,6.239985,9.20164,5.798501
4.41078,6.363687,7.304312,5.063026,8.772903,10.664018,4.479398,6.755684,9.656335,5.881841
5.297305,7.026847,8.316272,5.769691,8.929927,10.382027,4.262244,7.787809,9.520191,5.745331
4.320043,6.097569,7.20646,5.503415,8.859414,9.550677,4.65157,6.182056,9.162008,5.865683
4.779333,6.734862,7.153663,5.925869,9.399903,9.942113,4.427582,7.111325,9.997478,6.660988
3.701554,5.312062,5.120529,4.443867,9.098586,10.271637,3.430706,6.013589,8.945276,4.561662
4.282493,7.175519,6.448784,5.244436,7.964716,10.217048,3.81282,6.476725,8.515476,5.393786
5.448445,6.599212,7.130312,6.816888,9.324811,10.678525,5.084465,7.26572,9.022485,6.484506
5.435426,6.312152,8.038903,6.031437,8.47001,9.872757,4.674315,6.556205,9.01279,5.211047
4.208204,5.859637,6.595367,4.9274,9.428526,10.551324,4.443256,6.700275,8.949142,5.91982
5.135996,6.531563,7.504767,6.314254,8.449919,11.445701,4.61598,7.074546,10.665998,6.016304
4.447857,5.413901,5.637371,4.718723,8.505355,9.812531,4.020907,6.533495,8.231071,5.598605
4.860645,5.336761,6.3644,5.748792,8.750454,10.190424,4.785032,6.161374,9.338639,6.24274
4.592578,5.640363,6.340792,5.666553,8.334977,9.698346,4.1406,6.404312,8.883392,5.647793
4.589404,5.776609,7.193395,5.132826,7.844322,9.951249,4.071757,6.238024,9.338521,5.595018
4.3612,5.446757,7.203729,5.449213,9.055127,9.686919,4.122056,7.367192,8.454677,5.536388
4.995852,6.47866,7.548664,6.398077,8.839557,9.79259,4.223937,6.925256,9.562639,6.420935
4.165222,5.654952,7.09781,4.776069,8.318632,9.875636,3.502555,6.614578,8.867839,5.38999
4.361327,6.774879,6.583026,5.66171,9.135641,10.587151,4.552279,7.135128,9.271387,6.005738
4.518129,6.517321,6.967208,5.180787,8.811766,9.775159,4.120556,7.020552,9.702388,5.724461
3.690516,5.772366,7.240335,5.749703,8.518518,9.90723,4.537261,6.151656,8.617969,6.018951
4.326512,6.144822,6.558035,4.700315,8.572112,9.953547,4.018839,6.713396,8.992349,5.600533
4.260281,6.032073,6.501579,5.548675,8.292027,10.208918,3.901799,5.818251,8.937429,5.559981
4.443504,6.45091,7.115373,7.077266,8.240803,10.30788,4.011581,6.086366,8.958766,5.535641
5.046476,7.286402,7.838261,5.926506,8.678524,11.507025,4.957397,6.745114,10.263276,6.617107
4.54878,6.307089,6.954573,5.441659,8.234549,10.233264,3.929927,7.329791,9.915856,6.20608
4.516248,6.224983,7.127864,5.498188,9.076431,10.49072,4.987031,7.512838,8.963304,6.134883
4.686767,6.121327,7.001077,6.365929,8.819787,10.476775,4.895516,6.652428,8.919887,6.043403
4.483595,6.307597,7.017257,5.148673,9.214053,9.824146,3.924128,7.228753,8.768355,5.478947
4.753199,6.328353,7.242371,6.678325,8.344437,10.233144,4.543114,6.773477,8.857219,5.749352
4.414628,6.543098,6.670938,5.32592,9.246069,10.5016,4.794292,6.750521,9.676181,6.425801
5.539461,6.923617,8.075263,6.208934,9.509496,11.771614,5.978637,8.264018,11.086021,7.144397
4.3802,5.455565,6.80862,5.3871,8.561944,10.257751,3.735239,5.962795,9.601714,5.574047
4.955877,6.855513,6.834294,5.35299,9.06455,11.505103,4.759426,7.101031,10.874335,6.546822
5.407969,7.007537,6.580187,5.725247,9.025478,10.583527,4.679449,6.85183,10.273656,6.775852
4.489811,6.215244,7.317624,5.905476,8.713216,10.029794,4.978781,6.582092,8.153948,5.918514
4.595931,6.411212,7.325658,5.920094,8.615557,10.551406,4.84683,6.326287,9.57601,6.124899
4.207358,5.726606,6.486291,4.763389,8.202321,9.946824,3.864719,5.951997,9.003936,5.378104
3.634205,5.635542,7.037987,4.186732,8.903893,10.545935,3.50076,6.058713,9.948514,5.212882
4.841137,7.102278,6.030352,5.028345,8.783425,11.081334,4.767095,7.432737,10.148677,5.752293
4.026145,5.88426,6.892918,5.297257,8.675379,10.125881,4.202419,6.057409,9.224425,5.541224
5.114583,6.334749,7.24476,5.508047,9.282127,10.850368,4.86941,6.91471,10.613171,6.312072
5.803747,6.001799,8.893317,6.988649,10.310397,11.044725,7.017383,6.646607,9.616888,7.702122
3.999158,5.69557,6.927452,4.886267,8.516996,9.992892,3.92964,6.095252,9.219756,5.557429
4.030293,5.263558,6.702151,4.907681,8.467851,10.062088,4.411616,6.336419,9.326828,5.726429
4.332681,6.499599,6.299062,5.414745,8.26796,10.290613,4.100071,6.674524,9.077924,5.144037
4.182523,5.93478,6.371346,4.852304,8.375555,9.825892,4.433798,6.454938,8.047203,5.657381
5.011673,6.273412,6.78241,6.582138,8.908079,10.541052,4.744647,7.75903,9.437186,6.878372
5.106499,6.824349,7.294158,6.175687,9.0831405,11.0732605,5.0439055,7.8182045,9.3232245,6.650638
4.492277,6.025572,6.320284,5.663551,8.861504,9.997968,4.720454,6.658554,9.422447,6.406384
4.426906,5.755058,7.331039,5.001158,8.53399,9.851201,3.669862,6.681249,8.423715,5.448768
4.757099,6.39846,6.319218,5.837761,8.668438,10.189684,4.07683,7.089481,9.37023,5.943817
5.470381,5.997971,6.606141,5.794927,9.539135,11.139185,5.438222,7.955246,10.451008,7.249849
4.233997,5.468125,6.185949,5.482542,8.996113,10.282929,4.584799,6.132887,9.322083,5.574671
4.74397,6.8002,5.917488,6.392977,8.530715,9.74704,4.468956,6.299139,8.156894,6.070271
4.496517,6.159214,5.991438,4.816581,8.269571,9.819181,4.046874,6.027268,8.920684,5.495684
4.680098,5.464055,7.04517,4.737648,9.122526,10.522049,4.838962,7.561372,8.695919,6.230585
4.128558,4.729796,6.264732,5.885718,8.993257,10.433246,4.327741,7.903418,7.753301,6.194702
3.606023,5.635985,6.25669,5.124078,8.681309,9.698613,4.272058,6.082394,8.644738,5.666943
4.173107,5.973723,6.843401,4.829207,8.417568,9.668294,3.802248,5.986086,8.776407,5.410169
3.912958,5.595512,6.430389,4.100092,8.507614,10.253918,3.486733,6.126548,9.213333,5.422667
3.783819,5.810298,6.763055,4.8728,8.904646,9.601724,3.261279,6.267236,8.339629,5.382418
3.931326,5.902067,6.348128,4.26408,8.837297,9.809697,4.110126,5.754963,8.814637,5.596314
4.00729,5.914808,6.597156,5.180687,8.809078,10.932714,5.277159,6.65618,9.841591,6.292199
4.261366,6.156122,6.65331,4.860268,8.834206,10.819241,3.62237,6.587222,10.385504,5.173324
4.869369,5.965753,6.046639,5.081965,9.011675,10.605611,4.606215,6.886752,9.281819,5.669433
5.208285,6.127124,5.578959,5.902506,8.82063,11.364147,4.440547,5.823582,9.113271,6.209674
4.081167,5.76071,6.374037,4.128399,8.64971,10.068095,3.984065,5.993876,9.182399,5.29507
5.153579,6.525164,7.357377,5.936676,8.261932,10.235211,4.556805,7.881764,9.645988,5.950679
4.878327,5.998002,6.927465,6.230001,8.292124,9.345456,4.223324,6.732173,7.78274,5.924697
5.065307,5.832595,7.250477,6.852226,8.526668,10.766971,4.351363,6.798389,9.655265,5.823341
5.250053,5.640715,7.581627,6.823375,8.792765,10.546754,4.600031,6.150633,9.240057,6.040312
3.914772,5.126495,5.854174,4.991471,8.709698,10.465859,3.949473,7.088943,9.34525,5.646779
4.051559,7.180427,6.789876,5.06092,9.119847,10.5096,4.844716,7.008945,9.172636,6.291857
4.655521,6.357046,7.006256,5.472886,8.857324,9.932026,4.61906,6.371103,8.606413,6.385382
5.025661,5.43312,6.537001,5.076518,8.716679,11.108366,4.300697,7.475547,10.002572,5.72148
4.707717,5.586657,7.91889,5.560241,9.239534,10.854302,5.157468,6.849477,10.136106,6.207897
4.782592,5.310059,7.669653,5.362379,9.287852,10.538366,4.950949,7.950193,8.562337,6.441267
4.724981,6.076908,5.87503,4.863307,8.484952,10.661181,5.118178,6.927363,9.681002,5.942347
4.860691,6.148985,6.862892,5.710359,8.793086,11.934336,3.880767,6.460118,8.118093,6.101675
4.517325,5.841181,6.765794,5.633287,8.695193,10.463659,4.672938,7.100263,9.192819,6.071907
5.284527,6.298575,7.590222,6.490523,8.357065,9.97832,5.151479,5.718221,8.941304,6.055208
5.200075,6.019732,7.868123,6.434577,8.917492,10.902643,5.084929,7.660918,9.702954,6.27178
4.673039,5.022759,7.202133,5.671356,8.775525,9.950807,4.578913,6.645529,8.341303,5.596511
4.293836,6.153983,6.720278,4.970194,9.219478,11.012724,4.693523,7.441425,8.823991,6.208664
4.253678,6.049402,6.043412,6.622879,8.067586,9.907346,3.743637,5.412647,8.54916,5.834195
4.290329,6.819077,7.466625,5.819922,8.717738,10.668877,4.911823,7.107377,8.794532,6.219152
5.14897,7.088545,6.400809,5.381803,8.930029,10.93328,5.035025,7.021607,9.259562,6.244118
4.915964,6.118406,6.73337,5.178954,8.652141,10.09957,4.53123,6.434218,9.451746,5.459147
4.42142,5.604298,6.337064,5.56806,8.222361,10.70868,4.836833,6.985611,9.561646,6.389742
4.481547,6.374651,6.833974,4.975139,9.04208,10.911058,4.685789,7.119483,9.369269,6.227343
4.692298,6.134555,6.662223,6.088819,8.320531,10.123186,4.147479,5.775869,8.724111,5.63826
4.752677,6.30414,6.508929,6.013765,8.627075,9.947522,4.414839,7.246683,8.729605,5.438388
3.872809,5.218457,6.090931,4.265319,8.1208,9.417869,3.43296,5.417328,8.542353,5.098462
4.066231,5.832614,6.89895,4.78243,8.761908,10.298105,3.723403,5.997828,9.79604,5.515642
4.627797,6.371446,7.181175,5.715756,8.94341,10.504223,5.080103,6.723565,9.758445,6.106897
4.639536,6.23798,6.548212,4.996621,8.438013,10.087836,4.24944,6.675847,9.605308,5.631825
4.609143,6.484151,7.334491,6.335526,8.902657,10.155083,4.595033,6.882368,8.656159,5.871306
4.453992,6.079804,5.996376,5.284228,8.488675,10.537465,4.726633,6.862506,9.765422,5.52103
4.32518,5.759239,6.43643,4.79097,8.291576,9.71316,4.139022,6.392629,8.757023,5.507327
4.886808,6.781124,6.700148,6.276165,8.676069,10.759809,3.93202,7.135043,9.713464,5.770585
4.574842,6.070259,6.190192,4.690783,8.800924,10.005875,4.308211,8.244659,8.384012,5.271113
4.18521,6.37072,7.199633,5.465643,8.20312,9.984037,4.432905,6.391341,9.368242,5.730529
4.522497,6.384375,6.562078,5.427261,8.973099,10.094937,4.910016,6.645535,9.354043,6.526478
4.733812,6.839328,6.362943,5.392722,8.732443,10.870074,4.997494,6.610708,8.725216,6.491134
3.786277,6.087857,6.333547,4.709016,8.102649,10.213095,2.939365,6.720635,9.820828,4.892322
4.802382,6.588304,7.292711,6.184923,9.091589,10.515553,4.917869,7.747878,8.887506,5.7902
5.11091,6.594534,7.206263,5.459807,8.116427,10.374411,4.215624,6.604875,9.397502,5.795022
3.663841,5.777816,6.881994,4.542369,8.58831,10.114235,4.21783,5.966459,9.113657,5.707594
4.855112,6.428501,6.932511,6.189482,8.56356,10.098637,4.578799,6.916934,8.848381,5.849113
3.53605,4.887124,6.388343,3.930761,8.501887,9.896909,3.365064,5.772119,8.969023,5.132953
4.568188,6.268752,7.443416,5.170726,8.855816,10.099455,4.280048,6.544283,9.108741,6.0845
4.67773,6.027338,6.584699,6.558934,8.088951,10.637577,4.665453,6.669408,9.725221,5.947999
4.29649,5.844364,6.288027,5.691879,8.816826,10.233837,3.847548,6.656468,8.966173,5.814208
4.314857,5.887973,6.982473,4.523648,9.072966,10.208771,4.709232,6.68462,9.129859,5.777461
4.57426,5.696981,7.111311,5.600644,8.763248,10.180578,4.580116,7.158987,8.754011,6.356394
4.404192,5.875873,6.023979,5.654361,8.817022,10.437462,4.85241,6.782833,9.725882,6.245941
3.707064,5.572891,6.874554,4.785971,8.180352,10.03026,3.890709,6.184691,9.082843,5.522136
3.832507,5.708729,6.701934,5.061804,8.113985,9.768688,3.599166,6.604486,8.987578,5.499429
4.996659,6.503699,7.129788,6.146715,8.552762,9.98157,4.593338,6.549542,9.509828,6.014575
5.105219,5.829949,7.946542,4.778425,9.246965,10.490069,4.896075,7.088202,9.851931,7.05652
4.86025,6.661881,7.303609,6.226978,8.224879,13.415279,4.699962,6.762441,9.312679,6.586506
4.565465,5.542531,6.368691,4.608307,8.795384,9.636413,4.48999,6.509351,9.414981,5.742926
4.359874,6.090907,6.289429,5.143918,8.933866,10.358572,4.128588,6.831596,9.315781,6.059229
4.560211,6.242696,6.479611,5.67865,8.704213,9.629376,4.391821,6.921993,8.146159,5.639313
3.848916,5.884449,6.619569,4.441491,7.92107,9.674495,4.118789,6.556399,9.04231,5.991634
3.924028,5.533453,6.281065,5.045599,9.694005,11.154706,4.653014,7.259905,9.302288,5.978502
4.544639,5.93554,7.171128,5.964903,8.487769,10.640254,4.74418,6.743904,9.978597,6.167634
4.720286,6.438089,7.199565,5.796084,8.69084,10.146455,4.619942,6.988652,9.827543,5.966446
4.803149,5.92731,6.695913,5.387512,8.376094,10.031749,4.542092,6.536176,9.177978,5.892814
4.247621,6.042093,6.660525,4.81486,8.92941,10.119359,4.787275,6.568746,8.376356,6.019385
4.602178,6.959833,6.728493,6.231333,9.187225,10.668392,5.159482,7.574082,9.007312,7.036473
5.290189,6.174146,7.164354,6.45756,8.621711,11.138585,4.489667,6.746655,9.78029,6.410204
4.644691,6.724524,6.190666,5.263329,8.662746,10.644434,4.810274,6.578656,9.709729,6.066436
4.80919,5.52666,7.055447,5.199053,9.213029,10.643099,4.848159,6.805948,9.081655,6.200304
4.483825,5.933524,6.562521,4.773995,8.648765,9.866544,4.418627,7.149727,9.69354,5.483246
4.544073,6.008245,6.637579,5.762837,9.285344,10.322258,4.691682,7.146651,9.456572,6.48935
4.003703,4.373513,5.935734,4.219419,8.064475,9.742666,3.985255,5.671762,8.742515,5.330879
4.512905,5.471659,6.988972,5.554302,9.186549,11.103573,5.202831,7.159851,9.648599,6.64412
3.946989,5.666407,6.268062,4.766002,8.296023,9.82101,3.49599,5.813333,9.263765,5.267845
3.33624,5.80734,7.392352,4.333781,8.597007,10.613299,3.575033,6.089832,9.840299,5.036553
4.931651,6.227386,6.030835,5.263314,8.377886,10.670245,3.887129,6.669332,9.884818,5.838571
3.719359,4.973797,6.473181,4.316941,8.01192,9.519058,3.145559,5.939091,8.540462,5.16976
4.342795,5.811412,6.410387,4.724922,8.68735,10.028847,4.378041,6.662575,8.794139,5.790689
4.843684,6.217204,7.649508,4.694753,9.030805,10.060649,4.688828,6.434681,9.139787,5.876235
5.017956,6.231357,6.941772,5.300775,8.760551,10.978678,4.803014,6.705503,9.863712,6.774046
5.109353,6.459747,7.354301,5.657095,9.50327,10.971504,5.990835,6.468623,10.075221,6.98268
5.151761,5.700738,7.572006,6.359293,9.068218,11.207482,5.501834,8.002481,10.055721,6.897224
4.868755,5.996331,6.787147,5.483829,9.389118,11.584945,4.932965,7.876918,10.277937,6.504075
4.299601,5.825942,5.655844,5.769473,8.669717,9.794559,4.416407,6.513179,8.163558,5.722582
4.193914,6.303537,6.85118,4.759289,9.111244,10.051288,4.326101,6.669662,8.93877,5.68195
4.631384,6.132776,7.309967,6.396899,8.363411,10.325897,4.541705,6.132974,9.358444,5.506919
4.524612,4.65419,6.914888,4.83852,8.864327,9.443465,4.202689,6.851638,7.95064,5.602829
4.412827,6.180057,6.698919,4.953638,8.527737,10.193495,4.270127,7.131313,9.126301,5.527794
5.432808,6.999813,7.24826,6.159027,9.160691,10.797637,5.176044,8.809654,9.210654,5.642036
4.772236,6.213095,7.132859,6.048649,8.656251,10.054523,4.5383,6.506993,9.027094,6.007956
4.329338,5.666526,6.859518,5.49984,8.979636,10.682048,4.998606,7.451642,9.719027,6.061187
3.915214,5.968623,7.312944,5.095257,8.322429,10.291672,3.521985,6.375514,9.695844,5.533886
4.556648,5.934695,6.695276,5.200446,8.368903,13.762322,3.802733,6.658833,9.136986,5.324411
4.302782,5.440669,6.34723,5.531957,8.641642,9.800058,3.925226,6.483465,9.440946,5.374478
4.6408,7.040374,6.86988,5.336593,9.457816,10.465052,4.570023,7.601052,9.079715,5.528065
4.619227,5.5245,6.771897,5.497137,8.813673,10.025526,4.50525,5.749603,9.016074,5.823186
3.992543,5.691446,6.385074,5.273272,8.166299,9.64924,3.835459,5.970322,8.815671,5.36638
4.501975,6.096285,7.631337,5.63551,8.665724,9.688821,4.281443,6.791027,9.743691,6.123464
4.206596,6.23981,7.058092,5.555129,8.662137,10.584155,4.985223,6.213744,10.106138,5.81679
4.358094,5.521046,5.912807,5.115261,8.724996,9.456346,3.478115,6.027462,8.341513,4.717889
3.935302,5.951421,6.014672,6.284032,8.266627,9.357103,4.126015,6.211602,7.591876,5.445445
4.873007,6.285143,7.129627,5.265503,9.086464,9.859806,4.305882,6.963625,9.34863,6.042405
5.001038,6.846465,7.435144,5.110696,8.832374,11.398722,5.121007,7.586585,9.861906,6.520101
4.215379,5.186707,6.755895,4.728787,8.734257,10.600033,4.049066,7.466155,9.315515,6.303389
4.682509,5.904077,7.453483,6.756349,8.866639,10.26209,4.870032,6.842333,9.496984,6.081851
3.653767,5.22023,6.165239,4.33273,7.995724,9.503795,3.119143,5.87045,8.713548,5.149564
4.120333,5.720032,6.593502,4.767111,8.831094,9.932728,3.739634,8.530649,8.888258,5.192743
4.246565,6.190179,7.367059,5.239826,8.81487,10.742875,4.255264,7.284677,9.567203,5.539384
4.320739,5.921007,6.548463,5.498565,8.360261,9.066907,3.957402,6.204222,8.223899,5.647059
5.507503,5.175043,6.928541,6.264427,9.299902,11.542,5.368761,8.233376,10.160251,6.938283
4.062256,5.748333,6.285589,4.5724,8.493722,10.041394,3.934394,5.985756,9.131024,5.291454
4.298096,5.881519,6.612012,5.279993,9.184906,9.067643,3.639884,6.721899,9.660973,6.238982
5.129718,7.540062,6.970977,5.802411,8.334884,11.177892,4.487014,6.519699,10.326709,6.153085
3.809768,4.800565,6.673079,4.579118,8.267956,10.544794,3.561937,6.824373,9.264837,5.449426
2.928568,4.026699,5.50663,3.529019,6.962321,8.44217,2.118003,4.823371,7.658777,3.917741
4.933353,6.059895,7.360356,5.150067,8.882364,9.81507,4.455095,6.616981,9.605628,6.191866
4.099315,5.896139,6.431447,4.504524,8.416352,10.000249,4.285764,5.882348,9.443766,5.52515
5.076849,6.080872,7.142124,6.054087,9.568939,10.539517,5.083644,6.823343,9.630402,6.412849
4.618817,5.950585,7.201002,4.847615,8.239607,10.290303,4.078414,7.178787,9.297056,5.569747
4.964863,5.857711,7.258843,5.470808,8.55801,10.318287,4.74884,7.095223,10.136015,6.216497
5.23134,6.266565,6.909802,5.337164,8.764903,10.323375,4.428338,7.076144,8.436424,5.741804
4.262272,6.294448,6.731846,5.07362,9.046525,10.30627,4.487343,7.268623,9.689616,5.941498
4.613374,5.054161,6.811197,5.54096,9.122853,10.302107,4.708014,8.054554,9.258339,6.226298
4.809811,6.245128,6.235525,5.898351,8.539014,10.520593,4.368318,6.50168,9.657437,5.933902
4.752431,6.435559,7.40432,7.161143,8.652114,10.1663,4.480533,7.624384,8.870392,5.864785
4.604936,6.003088,6.825846,5.390296,8.50246,9.806052,4.42753,6.466125,8.474499,5.787568
3.877437,6.058454,6.792267,4.139695,8.971657,10.628874,4.543909,6.127057,9.754535,5.825893
4.798596,6.447817,6.642694,4.967247,8.07707,10.466441,4.609955,6.718747,9.921748,5.669174
3.259452,5.644439,5.821102,3.791444,8.317593,10.937444,3.324294,6.845747,9.434594,5.385241
4.554409,6.210198,6.251141,5.427479,8.653581,10.894981,4.404118,7.096124,10.026608,6.048178
4.206156,6.090401,6.958046,5.012494,8.69248,10.399276,4.465215,6.745058,9.587286,5.960313
4.848778,5.838662,7.321453,5.984052,9.535672,10.338088,5.022472,7.280209,9.91165,6.419695
4.543479,6.057938,6.436722,5.361957,8.596027,10.127451,4.270651,6.403594,9.169809,5.730749
5.443859,5.21056,7.548573,6.799986,9.841188,10.740068,5.218785,8.376383,9.480093,6.593544
3.986297,6.08067,6.713949,5.905497,8.455288,9.849445,4.048437,6.870232,8.560269,5.790434
4.525639,5.521886,7.333537,5.994225,8.780595,10.244463,5.071859,6.821825,8.852954,6.364959
4.420175,6.343832,7.121774,5.995867,8.985331,10.328109,5.322371,7.975558,8.465003,6.470523
4.638668,5.594262,6.872491,5.696341,8.831913,10.637071,4.15578,7.0933,9.496473,5.32518
4.416988,6.475906,5.962102,4.948968,8.340791,9.956577,4.178581,6.472245,8.429505,5.635826
5.14482,7.187534,7.875283,6.275879,8.020188,11.399286,4.767301,7.504685,10.569287,5.648518
4.416926,5.810014,6.250104,4.862987,8.463128,10.096184,3.575317,6.535072,9.667383,4.958719
4.23464,5.005415,6.939335,4.9676,8.553592,10.382799,4.34012,6.675798,9.767808,5.993534
3.717159,5.263634,6.085116,4.805439,8.430644,9.960065,3.524237,6.865957,7.904971,5.328522
4.005512,5.48776,6.079188,4.528908,8.459427,9.203168,3.861096,6.22267,8.552651,5.022954
4.246796,5.929759,7.807643,5.48299,8.116422,9.606928,3.645782,6.547099,8.706504,5.262585
4.650218,5.94963,7.068977,5.044552,9.082361,10.318535,4.961405,7.520918,8.696691,6.163052
4.792453,6.341261,6.513179,5.468738,8.658018,10.25372,4.462446,6.53871,9.514435,5.769537
4.901221,8.04945,7.439758,6.056171,8.265557,10.390268,5.083719,7.386694,9.683718,5.948701
4.918436,5.747331,5.693628,5.436479,8.713887,11.463592,4.883924,7.505988,10.031879,6.330286
3.875334,5.627418,6.394018,4.217284,8.537182,10.905214,3.798287,8.505634,8.440401,5.380628
4.517713,6.449279,6.564551,4.814148,8.849736,10.20244,4.38286,6.637073,9.766589,5.694196
3.972014,5.217209,6.512012,4.323333,8.420556,9.862107,3.555336,5.984819,8.821725,5.047742
4.432082,5.803934,6.302112,4.748873,8.34231,10.037453,4.043804,6.540285,9.207635,5.643759
4.183543,5.533792,7.248497,4.313591,8.539973,10.13459,3.970284,6.705935,9.505767,5.420247
4.841727,6.815131,6.932621,5.788712,9.028399,10.31597,4.743197,6.687167,9.736643,6.140003
4.637409,5.828504,6.020558,4.590704,8.780758,10.09461,4.453935,8.064481,8.378626,5.716507
3.877094,5.53498,6.296259,5.353536,8.575226,9.560381,4.240328,6.619976,8.393303,5.543377
5.338957,6.616203,7.790745,6.498564,8.260052,10.677207,4.640877,7.843361,8.791328,6.208652
4.485759,5.894615,6.065451,5.171356,8.630885,9.920289,4.313857,6.247677,9.516335,5.623238
4.568972,5.914389,6.607917,5.515923,9.352191,10.255341,4.279107,6.849091,10.084348,5.85905
5.030498,5.616699,6.246526,6.353828,9.007508,11.494004,5.464231,7.298927,10.55181,6.642958
3.927512,5.693061,6.962765,4.653661,8.357187,9.583361,3.714698,6.327392,8.913669,5.358987
5.102694,6.832102,6.550022,5.086025,8.524405,10.747098,4.447225,7.150806,9.332335,5.630149
4.707399,6.251652,6.714933,5.278667,9.130343,10.527719,4.659674,7.435527,9.017126,6.132493
4.076977,6.010989,6.209791,4.661944,8.12104,9.689672,3.828145,6.534261,8.709848,5.65709
4.568269,6.425505,7.180955,4.697697,9.414245,10.614371,4.935803,6.721943,9.737306,5.893362
4.415341,6.290217,6.669397,4.965183,8.825016,10.855709,4.973425,6.757058,9.648511,6.275253
4.618339,6.274252,6.890449,5.45057,8.841678,10.403843,4.743604,7.627034,9.23503,6.095982
4.706702,6.347465,6.411042,5.050532,8.669408,10.079814,4.730981,6.627983,9.131069,6.027996
4.586147,6.467815,7.401733,6.426757,8.807595,10.524453,4.927673,7.145341,9.423267,6.478204
4.401015,6.482056,7.147869,5.759635,8.910551,9.918941,4.081118,6.278632,9.236064,5.421333
3.822351,5.344548,5.757409,3.725412,7.745102,9.359773,3.101633,5.573514,8.41192,4.641739
4.33156,5.61535,6.591451,4.934335,8.774727,10.19157,4.230351,6.421771,9.185169,5.820685
3.921639,5.003445,6.846304,5.269986,8.827651,10.186725,4.668727,6.211395,8.484537,5.430499
4.845687,6.046261,7.035698,6.350073,8.386547,10.671926,4.513599,6.235954,9.705186,5.804288
4.903474,6.135391,6.743155,5.01837,8.675778,10.939833,4.440952,6.136447,9.550378,5.51142
4.534163,5.894855,6.814068,5.300988,8.738922,10.444551,4.553518,6.519675,9.741716,5.839983
5.291548,5.310595,6.337381,5.425981,8.548917,10.04368,4.858589,6.120597,9.698734,5.250446
4.23479,5.097361,7.303716,4.612034,8.73353,9.417987,3.577019,7.319337,8.476715,5.061414
5.49252,6.319498,6.709825,5.833593,8.344033,10.039593,4.636212,6.525923,9.433399,5.949871
4.321191,5.734039,7.067694,4.739017,9.04018,10.118191,4.407298,6.827615,8.909415,5.904069
3.941847,5.714097,6.106551,5.171438,8.49327,9.95982,3.936699,6.013361,9.329198,5.317899
4.245025,6.216857,6.774282,4.583881,9.14577,10.97479,4.937611,6.242421,9.572782,6.193966
4.837671,6.418451,6.805142,5.096231,8.981337,10.555029,4.873643,6.514627,9.526125,6.531044
4.385909,5.926818,7.057768,5.229784,9.407586,10.706601,3.701778,6.673166,9.012148,5.77667
4.620228,5.904765,6.844679,6.463093,9.480921,10.257353,4.850191,6.552385,9.415379,5.509382
4.106107,5.595599,5.861947,4.443988,8.31351,9.688346,3.974289,6.00473,8.817601,5.282084
4.577491,5.33055,7.314856,5.676065,8.956661,9.879917,3.950905,6.614187,8.451624,6.876513
4.296941,6.418908,6.514572,5.033087,8.372088,10.010687,4.15288,7.027961,8.934533,5.219008
4.894209,6.677504,7.092149,7.997095,9.024311,10.686867,4.774264,7.851207,9.89651,6.123394
4.733084,6.183027,6.497262,5.540191,8.611294,10.854951,4.751162,7.061676,9.792431,6.133214
4.506992,7.219233,7.598333,5.294325,9.429788,11.488079,4.843001,6.734405,10.07764,6.161621
4.379732,5.965652,7.205294,6.360804,9.020461,10.353377,3.974276,8.367655,8.862183,5.122562
4.541601,6.370504,6.744827,4.999215,8.90732,10.870865,4.347671,6.705241,10.16904,6.043361
5.239031,6.30823,6.622456,5.244025,8.547523,10.043593,5.158604,7.179229,9.100172,5.898278
3.868876,5.294049,6.711087,4.595542,9.196117,10.293339,4.122485,6.2338,9.44537,5.432099
4.308783,6.101276,6.344363,6.011555,9.019845,10.731797,4.598269,6.492958,9.9182,6.246299
4.208478,5.402058,6.483007,4.807579,8.313694,9.825499,3.983768,6.533409,9.561951,5.732647
4.167513,5.295669,6.239008,5.139997,8.302167,9.662877,3.384284,6.939059,8.737911,5.188475
4.542616,6.518597,7.127446,5.17404,8.233649,10.331378,4.216053,6.203658,10.066212,5.597209
5.254277,5.798733,6.29612,6.043059,9.103942,10.467698,5.385807,7.072271,8.976596,6.555198
4.127315,6.634044,6.675448,5.085873,8.845664,10.399627,4.810291,6.662545,8.765524,6.549747
4.507447,6.06236,6.879853,5.738991,8.414266,10.141058,4.397953,6.808315,9.518668,5.718097
3.897884,5.338169,5.842488,4.510538,7.833616,9.032172,3.8257,6.064417,8.045316,5.1039
4.76336,6.348306,7.061961,5.698856,8.700242,10.026051,4.318761,6.739465,8.883353,5.737749
4.74542,6.099965,7.977976,5.324415,9.874468,10.110171,4.985322,6.879505,9.416105,6.168253
4.740645,6.056984,6.630569,5.384959,9.090477,9.833507,4.569533,7.655017,9.828178,5.457596
4.722281,6.235344,7.348746,5.986854,9.008937,10.708168,5.211394,6.826279,9.740288,6.672097
5.086886,6.574417,6.594497,5.649729,8.729777,10.112391,4.659434,7.230416,8.540614,5.683735
5.222873,6.679131,6.798256,6.093945,8.291551,9.610512,4.708414,6.86674,8.437565,6.686671
4.540977,6.476501,6.630206,5.759054,8.710116,10.558597,4.587834,7.15663,8.889719,5.184981
4.788315,6.233636,7.125019,5.374207,8.048486,10.449492,4.123421,6.596759,9.400382,5.67882
4.151668,5.903683,6.377804,5.562841,8.367342,10.116285,4.182279,6.529203,9.183658,5.517044
4.244629,6.199004,6.271911,4.911083,8.620007,10.104858,4.368317,7.012274,9.129503,5.324197
5.363322,6.990834,7.071485,6.503356,8.061392,10.348484,4.979698,6.789191,8.486228,6.362141
4.35167,5.885834,6.885592,6.449178,8.10528,10.485961,4.62633,6.960637,9.085277,6.018609
4.516052,6.179036,6.372642,5.731152,8.793156,10.213635,4.31948,6.612094,8.695844,5.813102
4.490005,6.756812,6.785853,6.398837,8.591566,10.575384,4.845994,6.69867,8.955985,6.090391
4.641965,6.1733,7.041604,6.261201,8.971444,10.873681,4.465808,7.065518,10.070503,6.491708
5.224334,5.053457,6.692729,5.213863,8.262401,9.747483,4.409655,6.841658,8.7025,5.824309
4.535179,6.29434,5.867325,4.710894,8.204553,9.696509,4.009707,6.830829,8.361047,5.37097
4.628032,5.874112,6.561047,5.4267,8.495081,9.982019,4.058388,6.086099,9.128347,5.809517
4.960849,6.362759,6.845379,6.956533,8.652189,10.388868,4.033012,6.118204,8.893628,5.698414
4.937702,5.700329,6.966186,5.765523,8.724078,10.622169,4.890091,6.288927,9.240172,6.719771
4.748505,6.005423,6.589728,6.414466,8.390532,9.79097,4.328817,7.383507,8.182208,6.049381
3.989115,6.08807,6.267332,4.938656,8.308396,9.663519,4.20967,6.228132,8.711774,5.909537
4.531287,6.090829,6.078413,5.475516,8.518962,10.169972,4.075308,6.903941,9.351791,5.747707
4.811087,5.687653,7.281398,5.775725,9.274361,10.277608,4.593708,6.546994,8.902453,5.67352
4.817043,6.141845,7.629513,6.784429,9.261503,11.364971,4.948043,6.557584,10.333541,5.905544
4.983365,6.270994,6.785271,5.012422,8.98076,9.987941,4.484689,6.994342,9.861505,5.786356
4.197226,6.023783,6.00755,4.79539,8.47128,10.080262,3.952275,6.386656,8.944842,5.535618
4.6743,5.944443,7.179463,4.785476,8.781657,9.776881,4.060288,6.157753,9.247632,5.669386
5.274264,6.317895,7.163639,7.052427,9.275482,10.136775,4.221054,6.536274,9.484479,5.759626
5.049437,6.443208,7.476032,6.519645,8.558222,11.194772,5.459775,6.774491,9.578219,6.882229
4.795101,6.33344,7.153553,5.19126,9.183249,10.392248,4.50955,6.00764,9.731576,6.146873
4.610602,6.270383,6.676815,6.126809,8.727166,11.005594,5.333124,7.255468,9.856815,6.582707
4.963863,5.556343,6.756789,5.368702,8.888515,10.658033,4.596463,7.548332,10.660983,5.932165
4.254109,5.771607,6.21128,4.573243,8.162753,10.004108,3.624316,6.096574,9.245897,5.29023
4.346253,6.462847,7.438056,5.706889,9.06762,10.517563,4.72429,6.898008,9.405756,6.106791
4.458143,6.669485,6.874577,5.762663,7.79427,9.949889,4.434555,5.768946,8.535543,5.985159
4.191256,6.531233,7.418304,5.577262,8.712666,12.591923,4.852372,7.162743,9.619713,6.740316
4.451611,5.905489,6.508531,4.764215,8.596522,9.981822,4.182704,6.412047,9.026314,5.564399
4.550341,5.271276,6.749038,5.829723,7.964929,10.860672,4.130685,6.920249,9.152584,5.444035
3.959879,6.207321,6.286663,4.460471,8.583066,10.116923,4.398246,7.304376,9.594064,5.677882
4.496365,6.19177,7.0471,5.82554,8.752223,10.685404,4.369065,7.215103,9.914841,5.997637
4.894999,6.228108,7.071655,6.01077,8.209279,10.516559,4.610801,6.621466,9.517724,6.254647
4.556401,5.489102,7.259636,5.275189,8.66802,10.314213,5.221319,6.907968,9.833172,6.645831
3.649074,5.824722,6.818829,4.98265,8.313791,9.723308,4.057991,6.512134,8.835792,5.352192
4.333022,6.380304,6.740287,5.197728,8.677411,9.771488,4.562628,6.961536,8.278016,5.816413
4.595905,5.790731,6.43411,6.060431,9.10928,10.677115,5.129769,6.765929,9.048476,6.301704
3.932753,5.80331,6.213596,4.690867,8.015819,9.910342,3.891392,6.332038,8.952253,5.263552
5.079863,5.798602,7.383193,6.117088,8.868735,11.060334,5.022746,6.911083,10.092057,6.438227
4.24025,6.039415,6.208597,4.699325,8.551651,10.178368,4.055229,6.755914,9.331886,5.75896
4.75154,6.778365,6.534423,5.149285,8.81143,11.022826,4.864252,7.394591,9.73234,6.003462
4.12316,5.905537,6.303545,5.16664,8.615385,9.960079,3.976857,6.155432,8.971861,5.597579
4.555301,6.04858,6.584234,5.167371,8.455478,10.634237,4.380167,6.552384,10.134969,5.818949
4.679964,5.617804,6.543457,6.075775,8.305736,9.987543,4.028856,6.333678,8.587605,5.441458
4.366375,6.785174,6.703648,5.67524,9.124065,11.117211,5.559545,5.71359,8.706972,6.681071
4.108188,5.38038,6.761804,4.33436,8.252284,9.946742,3.833554,5.649739,9.384168,5.174944
4.74049,6.175202,6.357605,5.319131,8.3279,10.126809,4.358093,6.248634,9.486775,5.754091
4.402548,5.489305,7.718332,5.955817,9.555037,10.206049,4.65039,7.08885,10.058046,6.108559
4.242422,6.083537,7.130544,5.435715,8.952784,10.673078,4.403099,6.770823,9.63206,6.412289
5.003749,6.113994,7.411293,5.804018,9.021146,10.299359,5.189144,7.071993,9.340487,6.305009
4.78413,6.966734,7.464478,6.397077,9.165787,10.676729,4.931475,6.697178,9.79922,6.4425
3.962821,5.570135,6.108565,5.08481,8.419016,9.907764,3.990475,5.746829,8.638193,5.406075
4.732823,6.54723,6.320331,5.737413,8.35772,11.239377,4.354321,7.330813,10.620148,5.957574
4.822776,5.260397,6.93269,6.547888,8.700612,10.277709,4.914451,7.267955,8.6705,6.089504
4.923691,6.15213,7.544307,7.180996,9.090687,9.998841,4.345828,8.182623,8.597617,5.985848
4.851895,6.909495,7.022854,5.937395,8.448435,10.632894,4.597898,6.933637,9.242449,6.007166
4.420437,6.600233,6.424931,4.850755,8.582695,9.716297,4.231353,6.629086,8.316318,5.618262
4.18168,5.590194,6.261854,5.125983,8.891516,9.546437,4.197913,5.971611,8.769611,5.74359
3.923957,5.597377,7.025092,4.840043,8.605727,10.110344,3.844183,6.822426,9.366361,5.692647
4.830801,6.284055,5.85857,5.444904,8.888958,10.420525,4.476783,7.169348,9.928169,5.919162
4.474978,5.897815,6.224849,5.315894,8.541249,10.410042,3.986647,6.446655,9.478228,5.397158
4.579388,5.931405,6.324846,5.353439,8.833004,10.354793,4.541039,6.542691,9.495993,5.853022
5.30944,5.750762,6.814819,5.711547,8.94645,11.025162,5.070043,8.193047,9.449832,7.032549
5.211202,5.664619,7.124035,5.85946,9.027034,10.862957,5.305726,6.647766,9.352972,6.765991
4.008777,6.096051,6.987885,5.003082,8.699247,10.625677,4.50965,6.52799,9.942413,5.777086
4.74646,6.160089,6.284078,5.224232,8.521741,9.636185,4.638704,6.42518,9.464888,5.221358
4.097611,6.316949,6.615369,5.395196,8.802284,10.065153,4.304086,6.416878,9.080564,5.767609
4.154035,4.954051,6.55907,4.8446,8.862908,10.51154,4.528509,8.342264,8.382704,6.120622
4.677635,6.962564,6.40176,5.344992,8.069191,10.950707,4.331394,8.385272,9.249359,5.8145
5.373109,6.165219,6.973436,5.876667,8.271709,9.557064,4.339415,6.530386,8.807945,6.054261
5.244832,6.660463,6.853736,5.91244,7.899333,10.250219,4.388751,6.374716,9.063,6.181236
4.527042,5.713518,7.837525,4.580937,8.490326,10.22089,4.802936,6.973807,8.957292,6.273203
4.78683,6.030324,6.680387,4.895033,9.164696,10.51503,4.643829,7.118056,10.09812,5.993871
4.962796,6.042243,6.874577,5.690779,8.827898,10.708942,4.755645,6.791479,10.029119,6.295865
4.374543,5.989121,6.658075,4.632007,9.240197,9.931107,4.300931,6.4789,9.004115,5.576015
4.702135,6.350729,6.45229,5.781581,8.945021,10.535292,4.533411,8.238659,9.527714,6.180116
4.509016,5.954955,6.428455,5.25907,8.383328,9.839462,4.199616,6.785915,9.523895,5.871079
3.585,4.639934,6.112128,4.838826,8.670022,10.218632,4.259984,6.446766,8.594368,5.360548
5.279137,6.228053,6.503738,5.044048,8.748509,10.754365,4.541471,7.325738,8.850832,6.232223
4.4078,6.933054,6.706983,5.374547,9.153433,10.65992,5.173673,7.232828,9.363254,6.579334
4.79123,6.524408,6.009827,5.247717,8.279581,9.667027,4.091815,6.832564,8.280414,5.7743
4.612398,6.468923,6.467614,5.3557,8.62344,10.133919,4.332442,7.097127,8.556466,5.72781
5.073721,5.685002,6.840651,5.287435,9.18252,10.172075,4.548612,6.202293,9.464123,5.693682
5.535867,6.57789,7.463469,6.303042,8.543016,11.081979,4.351111,7.64647,10.45292,5.633071
4.558861,7.005453,7.020737,5.325816,9.234697,10.671454,4.652621,7.068669,9.410668,6.063769
4.671357,5.715444,6.384753,5.470448,8.594215,10.192796,4.393791,7.28496,8.968321,5.883661
4.639067,5.964034,7.045537,5.362737,8.700197,9.856755,4.405726,7.347164,8.870688,5.561776
4.150125,6.022879,7.111593,5.40945,8.759195,9.95917,4.519291,6.610898,9.021289,6.184219
4.18746,5.853375,7.629625,6.466702,8.716449,10.086987,4.622483,7.346786,8.571279,6.13923
4.574876,6.604079,6.573629,5.975606,8.835237,10.829018,4.352412,6.974627,10.080876,5.781309
3.698672,4.999746,6.145225,4.608913,8.797978,10.66078,3.257189,6.667166,9.701979,5.126669
4.908039,6.71325,7.008621,5.271536,9.328581,10.492142,5.096678,7.062791,9.394051,6.377021
4.977898,6.741911,7.028766,6.520098,8.049684,10.624327,4.838589,6.686473,9.712973,6.07421
5.319876,5.65467,6.517305,5.965211,8.757433,10.379365,4.576359,7.537148,9.014735,5.606449
5.481207,6.481766,7.341015,6.513704,7.830835,10.11866,4.736335,7.045978,8.72892,6.540132
4.046182,6.388818,6.133199,4.497248,8.407436,10.330052,4.263028,5.512755,8.597473,5.619836
5.227501,6.025077,6.639641,6.134846,8.66114,10.132891,4.47239,6.486934,8.734787,6.100128
4.897561,6.6544785,7.0956825,6.418838,8.824768,11.136164,5.030103,7.0581955,10.372354,6.2096025
4.629374,5.908599,7.396123,6.329187,8.330012,11.164379,5.352926,6.882,10.119942,6.740143
5.184457,6.196682,6.659581,4.817113,8.803494,9.956325,4.994742,7.124164,9.410905,5.901031
4.932484,6.98131,6.308724,5.68345,8.433651,10.861464,4.617514,7.614741,9.122127,6.098271
4.659942,6.563933,7.89493,6.398734,8.909494,10.4434,4.134864,7.337782,9.257662,6.039338
4.005049,5.580037,7.026045,4.636773,8.696924,10.758839,3.652277,6.652872,9.386543,5.06535
4.235063,5.829008,7.292538,4.611348,8.428034,10.469865,4.418756,6.492869,9.117924,5.831906
4.272774,5.665454,6.140902,5.540171,8.820121,10.441352,5.093626,6.574872,8.829361,6.564322
4.63489,5.705305,7.137117,4.945129,8.697091,9.679569,4.07358,6.304501,10.078579,5.128454
4.744985,5.497441,7.281436,5.883437,8.807882,10.165734,5.212521,6.840458,9.152098,6.830786
4.897592,6.511465,7.337054,4.752546,9.574227,11.230883,5.263288,8.04761,9.875007,6.594936
4.712407,6.334934,7.000707,5.411192,8.621482,10.637576,4.072265,7.032678,9.697251,5.294569
4.347918,5.891354,6.779101,6.055884,8.593033,9.704131,3.897255,7.16328,8.282813,5.461083
4.726718,6.752719,7.511498,5.901143,9.136544,10.810808,4.917613,6.761499,9.962005,6.382384
5.37056,6.972274,8.254889,7.014933,8.745947,11.703535,5.285497,6.921762,10.774563,6.723149
6.073068,6.218662,6.122958,5.442202,8.867835,11.670136,5.051393,9.263692,10.330848,6.231731
